book Name,Price,Rating
A Light in the Attic,5267.08,Three
Tipping the Velvet,5467.51,One
Soumission,5097.17,One
Sharp Objects,4865.21,Four
Sapiens: A Brief History of Humankind,5517.36,Five
The Requiem Red,2304.41,One
The Dirty Little Secrets of Getting Your Dream Job,3392.01,Four
The Coming Woman: A Novel Based on the Life of the Infamous Feminist  Victoria Woodhull,1824.2,Three
The Boys in the Boat: Nine Americans and Their Epic Quest for Gold at the 1936 Berlin Olympics,2299.32,Four
The Black Maria,5305.74,One
Starving Hearts ,1423.34,Two
Shakespeare's Sonnets,2101.95,Four
Set Me Free,1776.38,Five
Scott Pilgrim's Precious Little Life ,5319.98,Five
Rip it Up and Start Again,3562.93,Five
Our Band Could Be Your Life: Scenes from the American Indie Underground  1981-1991,5824.61,Three
Olio,2429.55,One
Mesaerion: The Best Science Fiction Stories 1800-1849,3824.41,One
Libertarianism for Beginners,5222.31,Two
It's Only the Himalayas,4595.6,Two
In Her Wake,1306.34,One
How Music Works,3796.94,Two
Foolproof Preserving: A Guide to Small Batch Jams  Jellies  Pickles  Condiments  and More: A Foolproof Guide to Making Small Batch Jams  Jellies  Pickles  Condiments  and More,3105.1,Three
Chase Me ,2570.97,Five
Black Dust,3513.08,Five
Birdsong: A Story in Pictures,5559.07,Three
America's Cradle of Quarterbacks: Western Pennsylvania's Football Factory from Johnny Unitas to Joe Montana,2289.15,Three
Aladdin and His Wonderful Lamp,5405.45,Three
Worlds Elsewhere: Journeys Around Shakespeareâs Globe,4100.12,Five
Wall and Piece,4494.87,Four
The Four Agreements: A Practical Guide to Personal Freedom,1796.73,Five
The Five Love Languages: How to Express Heartfelt Commitment to Your Mate,3159.03,Three
The Elephant Tree,2423.45,Five
The Bear and the Piano,3753.19,One
Sophie's World,1621.74,Five
Penny Maybe,3386.92,Three
Maude ,1833.35,Two
In a Dark  Dark Wood,1997.16,One
Behind Closed Doors,5312.86,Four
You can't bury them all: Poems,3421.52,Two
Slow States of Collapse: Poems,5830.72,Three
Reasons to Stay Alive,2686.95,Two
Private Paris ,4843.84,Five
#HigherSelfie: Wake Up Your Life. Free Your Soul. Find Your Tribe.,2351.21,Five
Without Borders ,4585.42,Two
When We Collided,3232.28,One
We Love You  Charlie Freeman,5114.47,Five
Untitled Collection: Sabbath Poems 2014,1451.83,Four
Unseen City: The Majesty of Pigeons  the Discreet Charm of Snails &amp; Other Wonders of the Urban Wilderness,4494.87,Four
Unicorn Tracks,1910.68,Three
Unbound: How Eight Technologies Made Us Human  Transformed Society  and Brought Our World to the Brink,2596.4,One
Tsubasa: WoRLD CHRoNiCLE 2 ,1656.33,One
Throwing Rocks at the Google Bus: How Growth Became the Enemy of Prosperity,3166.15,Three
This One Summer,1982.91,Four
Thirst,1757.05,Five
The Torch Is Passed: A Harding Family Story,1942.22,One
The Secret of Dreadwillow Carse,5710.67,One
The Pioneer Woman Cooks: Dinnertime: Comfort Classics  Freezer Food  16-Minute Meals  and Other Delicious Ways to Solve Supper!,5739.15,One
The Past Never Ends,5748.31,Four
The Natural History of Us ,4600.68,Three
The Nameless City ,3882.4,Four
The Murder That Never Was ,5505.15,Three
The Most Perfect Thing: Inside ,4370.75,Four
The Mindfulness and Acceptance Workbook for Anxiety: A Guide to Breaking Free from Anxiety  Phobias  and Worry Using Acceptance and Commitment Therapy,2430.57,Four
The Life-Changing Magic of Tidying Up: The Japanese Art of Decluttering and Organizing,1706.18,Three
The Inefficiency Assassin: Time Management Tactics for Working Smarter  Not Longer,2094.83,Five
The Gutsy Girl: Escapades for Your Life of Epic Adventure,3777.61,One
The Electric Pencil: Drawings from Inside State Hospital No. 3,5703.54,One
The Death of Humanity: and the Case for Life,5912.11,Four
The Bulletproof Diet: Lose up to a Pound a Day  Reclaim Energy and Focus  Upgrade Your Life,4990.35,Three
The Art Forger,4146.92,Three
The Age of Genius: The Seventeenth Century and the Birth of the Modern Mind,2007.33,One
The Activist's Tao Te Ching: Ancient Advice for a Modern Revolution,3280.1,Five
Spark Joy: An Illustrated Master Class on the Art of Organizing and Tidying Up,4255.78,Four
Soul Reader,4026.87,Two
Security,3993.29,Two
Saga  Volume 6 ,2545.53,Three
Saga  Volume 5 ,5192.81,Two
Reskilling America: Learning to Labor in the Twenty-First Century,2017.5,Two
Rat Queens  Vol. 3: Demons ,5127.7,Three
Princess Jellyfish 2-in-1 Omnibus  Vol. 01 ,1384.68,Five
Princess Between Worlds ,1357.21,Five
Pop Gun War  Volume 1: Gift,1930.01,One
Political Suicide: Missteps  Peccadilloes  Bad Calls  Backroom Hijinx  Sordid Pasts  Rotten Breaks  and Just Plain Dumb Mistakes in the Annals of American Politics,3691.13,Two
Patience,1033.68,Three
Outcast  Vol. 1: A Darkness Surrounds Him ,1570.87,Four
orange: The Complete Collection 1 ,4925.23,One
Online Marketing for Busy Authors: A Step-By-Step Guide,4715.65,One
On a Midnight Clear,1431.48,Three
Obsidian ,1511.86,Two
My Paris Kitchen: Recipes and Stories,3395.06,Two
Masks and Shadows,5738.14,Two
Mama Tried: Traditional Italian Cooking for the Screwed  Crude  Vegan  and Tattooed,1426.39,Four
Lumberjanes  Vol. 2: Friendship to the Max ,4772.62,Two
Lumberjanes  Vol. 1: Beware the Kitten Holy ,4640.36,Three
Lumberjanes Vol. 3: A Terrible Plan ,2026.66,Two
Layered: Baking  Building  and Styling Spectacular Cakes,4080.79,One
Judo: Seven Steps to Black Belt ,5483.79,Two
Join,3629.07,Five
In the Country We Love: My Family Divided,2238.28,Four
Immunity: How Elie Metchnikoff Changed the Course of Modern Medicine,5835.81,Five
I Hate Fairyland  Vol. 1: Madly Ever After ,2967.76,Two
I am a Hero Omnibus Volume 1,5558.06,Three
How to Be Miserable: 40 Strategies You Already Use,4683.09,One
Her Backup Boyfriend ,3456.11,One
Giant Days  Vol. 2 ,2249.47,Two
Forever and Forever: The Courtship of Henry Longfellow and Fanny Appleton,3020.66,Three
First and First ,1624.79,Four
Fifty Shades Darker ,2234.21,One
Everydata: The Misinformation Hidden in the Little Data You Consume Every Day,5529.57,Two
Don't Be a Jerk: And Other Practical Advice from Dogen  Japan's Greatest Zen Master,3863.07,Two
Danganronpa Volume 1,5289.46,Four
Crown of Midnight ,4404.32,Three
Codename Baboushka  Volume 1: The Conclave of Death,3735.89,Four
Camp Midnight,1737.72,Four
Call the Nurse: True Stories of a Country Nurse on a Scottish Isle,2964.7,Five
Burning,2931.13,Three
Bossypants,5032.06,Two
Bitch Planet  Vol. 1: Extraordinary Machine ,3857.98,Two
Avatar: The Last Airbender: Smoke and Shadow  Part 3 ,2857.88,Two
Algorithms to Live By: The Computer Science of Human Decisions,3134.61,One
A World of Flavor: Your Gluten Free Passport,4369.73,One
A Piece of Sky  a Grain of Rice: A Memoir in Four Meditations,5774.76,Five
A Murder in Time,1692.95,One
A Flight of Arrows ,5649.62,Five
A Fierce and Subtle Poison,2861.95,Four
A Court of Thorns and Roses ,5328.12,One
,5493.96,Five
You Are What You Love: The Spiritual Power of Habit,2225.05,Four
William Shakespeare's Star Wars: Verily  A New Hope ,4405.34,Four
Tuesday Nights in 1980,2140.61,Two
Tracing Numbers on a Train,4232.38,Three
Throne of Glass ,3568.02,Three
Thomas Jefferson and the Tripoli Pirates: The Forgotten War That Changed American History,6067.77,One
Thirteen Reasons Why,5363.73,One
The White Cat and the Monk: A Retelling of the Poem âPangur BÃ¡nâ,5909.06,Four
The Wedding Dress,2453.97,One
The Vacationers,4288.34,Four
The Third Wave: An Entrepreneurâs Vision of the Future,1282.94,Five
The Stranger,1774.35,Four
The Shadow Hero ,3371.66,One
The Secret ,2784.62,Four
The Regional Office Is Under Attack!,5225.37,Five
The Psychopath Test: A Journey Through the Madness Industry,3662.64,Two
The Project,1083.53,One
The Power of Now: A Guide to Spiritual Enlightenment,4429.76,Two
The Omnivore's Dilemma: A Natural History of Four Meals,3887.49,Two
The Nerdy Nummies Cookbook: Sweet Treats for the Geek in All of Us,3798.97,Five
The Murder of Roger Ackroyd ,4486.73,Four
The Mistake ,4404.32,Three
The Matchmaker's Playbook ,5682.18,One
The Love and Lemons Cookbook: An Apple-to-Zucchini Celebration of Impromptu Cooking,3825.42,Two
The Long Shadow of Small Ghosts: Murder and Memory in an American City,1116.09,One
The Kite Runner,4254.77,Four
The House by the Lake,3759.29,One
The Glittering Court ,4505.05,One
The Girl on the Train,5597.73,Two
The Genius of Birds,1754,One
The Emerald Mystery,2355.28,Two
The Cookies &amp; Cups Cookbook: 125+ sweet &amp; savory recipes reminding you to Always Eat Dessert First,4196.77,One
The Bridge to Consciousness: I'm Writing the Bridge Between Science and Our Old and New Beliefs.,3255.68,Three
The Artist's Way: A Spiritual Path to Higher Creativity,3915.97,Five
The Art of War,3392.01,Five
The Argonauts,1112.02,Two
The 10% Entrepreneur: Live Your Startup Dream Without Quitting Your Day Job,2802.94,Three
Suddenly in Love ,5696.42,Two
Something More Than This,1652.26,Four
Soft Apocalypse,2657.45,Two
So You've Been Publicly Shamed,1244.28,Two
Shoe Dog: A Memoir by the Creator of NIKE,2440.74,Two
Shobu Samurai  Project Aryoku ,2956.56,Three
Secrets and Lace ,2062.27,One
Scarlett Epstein Hates It Here,4430.78,Five
Romero and Juliet: A Tragic Tale of Love and Zombies,3758.28,One
Redeeming Love,2082.62,Five
Poses for Artists Volume 1 - Dynamic and Sitting Poses: An Essential Reference for Figure Drawing and the Human Form,4177.44,One
Poems That Make Grown Women Cry,1443.69,Four
Nightingale  Sing,3894.61,One
Night Sky with Exit Wounds,4176.43,One
Mrs. Houdini,3077.63,Five
Modern Romance,2875.17,Five
Miss Peregrineâs Home for Peculiar Children ,1094.72,One
Louisa: The Extraordinary Life of Mrs. Adams,1714.32,Two
Little Red,1370.44,Three
Library of Souls ,4940.49,Five
Large Print Heart of the Pride,1948.32,Two
I Had a Nice Time And Other Lies...: How to find love &amp; sh*t like that,5835.81,Four
Hollow City ,4372.79,One
Grumbles,2254.56,Two
Full Moon over Noahâs Ark: An Odyssey to Mount Ararat and Beyond,5029.01,Four
Frostbite ,3051.18,Five
Follow You Home,2173.17,One
First Steps for New Christians ,2950.46,One
Finders Keepers ,5446.14,Five
Fables  Vol. 1: Legends in Exile ,4234.42,Four
Eureka Trivia 6.0,5553.99,Four
Drive: The Surprising Truth About What Motivates Us,3555.81,Four
Done Rubbed Out ,3837.63,Five
Doing It Over ,3622.96,Three
Deliciously Ella Every Day: Quick and Easy Recipes for Gluten-Free Snacks  Packed Lunches  and Simple Meals,4289.36,Three
Dark Notes,1952.39,Five
Daring Greatly: How the Courage to Be Vulnerable Transforms the Way We Live  Love  Parent  and Lead,1976.81,Three
Close to You,5032.06,Four
Chasing Heaven: What Dying Taught Me About Living,3845.77,Two
Big Magic: Creative Living Beyond Fear,3133.59,Three
Becoming Wise: An Inquiry into the Mystery and Art of Living,2790.73,Two
Beauty Restored ,1130.33,Two
Batman: The Long Halloween ,3713.51,Two
Batman: The Dark Knight Returns ,1564.76,Five
Ayumi's Violin,1574.94,Two
Anonymous,4763.47,Four
Amy Meets the Saints and Sages,1878.12,Three
Amid the Chaos,3721.65,One
Amatus,5141.94,Five
Agnostic: A Spirited Manifesto,1272.77,Five
Zealot: The Life and Times of Jesus of Nazareth,2512.98,Three
You ,4436.88,Five
Wonder Woman: Earth One  Volume One ,3798.97,Four
Wild Swans,1460.99,Two
Why the Right Went Wrong: Conservatism--From Goldwater to the Tea Party and Beyond,5356.61,Four
Whole Lotta Creativity Going On: 60 Fun and Unusual Exercises to Awaken and Strengthen Your Creativity,3886.47,Four
What's It Like in Space?: Stories from Astronauts Who've Been There,1994.1,Two
We Are Robin  Vol. 1: The Vigilante Business ,5483.79,One
Walt Disney's Alice in Wonderland,1318.55,Five
V for Vendetta ,3774.55,Four
Until Friday Night ,4711.58,Two
Unbroken: A World War II Story of Survival  Resilience  and Redemption,4674.95,Two
Twenty Yawns,2246.42,Two
Through the Woods,2582.16,Two
This Is Where It Ends,2759.19,Two
The Year of Magical Thinking,4378.89,Two
The Wright Brothers,5778.83,Four
The White Queen ,2636.08,Five
The Wedding Pact ,3317.74,Three
The Time Keeper,2836.51,Five
The Testament of Mary,5358.65,Four
The Star-Touched Queen,4682.07,Five
The Songs of the Gods,4525.4,Five
The Song of Achilles,3805.08,Five
The Rosie Project ,5498.03,One
The Power of Habit: Why We Do What We Do in Life and Business,1717.37,Three
The Marriage of Opposites,2856.86,Four
The Lucifer Effect: Understanding How Good People Turn Evil,1058.1,One
The Long Haul ,4483.68,One
The Loney,2380.72,One
The Literature Book ,1773.33,Three
The Last Mile ,5515.33,Two
The Immortal Life of Henrietta Lacks,4137.77,Two
The Hidden Oracle ,5316.93,Two
The Help Yourself Cookbook for Kids: 60 Easy Plant-Based Recipes Kids Can Make to Stay Healthy and Save the Earth,2927.06,Three
The Guilty ,1406.05,Two
The First Hostage ,2629.98,Three
The Dovekeepers,4962.88,One
The Darkest Lie,3596.51,Five
The Bane Chronicles ,4550.83,Four
The Bad-Ass Librarians of Timbuktu: And Their Race to Save the Worldâs Most Precious Manuscripts,1604.44,One
The 14th Colony ,3992.28,One
That Darkness ,1416.22,One
Tastes Like Fear ,1087.6,One
Take Me with You,4599.67,Three
Swell: A Year of Waves,4637.31,One
Superman Vol. 1: Before Truth ,1209.69,Five
Still Life with Bread Crumbs,2686.95,Three
Steve Jobs,4018.73,Five
Sorting the Beef from the Bull: The Science of Food Fraud Forensics,4551.85,Four
Someone Like You ,5370.85,Five
So Cute It Hurts!!  Vol. 6 ,3604.65,Four
Shtum,5681.16,Four
See America: A Celebration of Our National Parks &amp; Treasured Sites,4972.03,Three
salt.,4759.4,Four
Robin War,4865.21,Three
Red Hood/Arsenal  Vol. 1: Open for Business ,2592.34,Two
Rain Fish,2398.01,Three
Quarter Life Poetry: Poems for the Young  Broke and Hangry,5177.55,Five
Pet Sematary,1074.37,Three
Overload: How to Unplug  Unwind  and Unleash Yourself from the Pressure of Stress,5305.74,Three
Once Was a Time,1859.81,Two
Old School ,1203.58,Five
No Dream Is Too High: Life Lessons From a Man Who Walked on the Moon,2233.19,Two
Naruto ,3905.8,Two
My Name Is Lucy Barton,4228.31,One
My Mrs. Brown,2490.6,Three
My Kind of Crazy,4106.23,One
Mr. Mercedes ,2940.29,One
More Than Music ,3826.44,Two
Made to Stick: Why Some Ideas Survive and Others Die,3952.6,Five
Luis Paints the World,5488.87,Three
Luckiest Girl Alive,5069.7,Three
Lowriders to the Center of the Earth ,5240.63,Two
Love Is a Mix Tape ,1834.37,One
Looking for Lovely: Collecting the Moments that Matter,2964.7,Five
Living Leadership by Insight: A Good Leader Achieves  a Great Leader Builds Monuments,4772.62,Four
Let It Out: A Journey Through Journaling,2725.61,Five
Lady Midnight ,1656.33,Five
It's All Easy: Healthy  Delicious Weeknight Meals in under 30 Minutes,1989.02,One
Island of Dragons ,3016.59,One
I Know What I'm Doing -- and Other Lies I Tell Myself: Dispatches from a Life Under Construction,2643.21,Four
I Am Pilgrim ,1078.44,Four
Hyperbole and a Half: Unfortunate Situations  Flawed Coping Mechanisms  Mayhem  and Other Things That Happened,1500.66,Five
Hush  Hush ,4783.81,Three
Hold Your Breath ,2932.15,One
Hamilton: The Revolution,5981.29,Three
Greek Mythic History,1040.8,Five
God: The Most Unpleasant Character in All Fiction,3055.25,Five
Glory over Everything: Beyond The Kitchen House,4663.76,Three
Feathers: Displays of Brilliant Plumage,4990.35,Three
Far &amp; Away: Places on the Brink of Change: Seven Continents  Twenty-Five Years,1532.2,Four
Every Last Word,4727.86,Three
Eligible ,2756.14,Three
El Deafo,5862.26,Five
Eight Hundred Grapes,1464.04,Four
Eaternity: More than 150 Deliciously Easy Vegan Recipes for a Long  Healthy  Satisfied  Joyful Life,5265.05,Five
Eat Fat  Get Thin,5501.08,Two
Don't Get Caught,5631.31,One
Doctor Sleep ,4081.81,Two
Demigods &amp; Magicians: Percy and Annabeth Meet the Kanes ,3816.27,Five
Dear Mr. Knightley,1140.51,Five
Daily Fantasy Sports,3721.65,One
Crazy Love: Overwhelmed by a Relentless God,4855.03,Two
Cometh the Hour ,2544.52,Three
Code Name Verity ,2251.51,Four
Clockwork Angel ,4490.8,One
City of Glass ,5699.47,Four
City of Fallen Angels ,1142.54,Four
City of Bones ,4403.31,One
City of Ashes ,4809.25,One
Cell,2064.3,Four
Catching Jordan ,5171.44,Three
Carry On  Warrior: Thoughts on Life Unarmed,3240.42,Three
Carrie,4703.44,Two
Buying In: The Secret Dialogue Between What We Buy and Who We Are,3845.77,Four
Brain on Fire: My Month of Madness,5017.82,Five
Batman: Europa,3256.7,Two
Barefoot Contessa Back to Basics,2849.74,One
Barefoot Contessa at Home: Everyday Recipes You'll Make Over and Over Again,5150.08,Five
Balloon Animals,1732.63,Three
Art Ops Vol. 1,4964.91,Three
Aristotle and Dante Discover the Secrets of the Universe ,5915.16,Four
Angels Walking ,3479.51,Two
Angels &amp; Demons ,5237.58,Three
All the Light We Cannot See,3038.97,Five
Adulthood Is a Myth: A &quot;Sarah's Scribbles&quot; Collection,1108.97,Two
Abstract City,5735.08,Five
A Time of Torment ,4919.13,Five
A Study in Scarlet ,1702.11,Two
A Series of Catastrophes and Miracles: A True Story of Love  Science  and Cancer,5746.28,Two
A People's History of the United States,4149.97,Two
A Man Called Ove,4041.11,One
A Distant Mirror: The Calamitous 14th Century,1483.37,Three
A Brush of Wings ,5647.59,One
1491: New Revelations of the Americas Before Columbus,2217.93,Three
The Three Searches  Meaning  and the Story,1356.19,Three
Searching for Meaning in Gailana,3940.39,One
Rook,3851.88,Four
My Kitchen Year: 136 Recipes That Saved My Life,1173.06,Two
13 Hours: The Inside Account of What Really Happened In Benghazi,2753.08,One
Will You Won't You Want Me?,1410.12,Three
Tipping Point for Planet Earth: How Close Are We to the Edge?,3820.34,One
The Star-Touched Queen,3286.2,Five
The Silent Sister ,4709.54,Five
The Midnight Watch: A Novel of the Titanic and the Californian,2665.59,One
The Lonely City: Adventures in the Art of Being Alone,3383.87,Two
The Gray Rhino: How to Recognize and Act on the Obvious Dangers We Ignore,6017.92,Four
The Golden Condom: And Other Essays on Love Lost and Found,4011.61,One
The Epidemic ,1469.13,Five
The Dinner Party,5752.38,Two
The Diary of a Young Girl,6094.23,Three
The Children,1208.67,Three
Stars Above ,4888.61,Two
Snatched: How A Drug Queen Went Undercover for the DEA and Was Kidnapped By Colombian Guerillas,2157.91,Three
Raspberry Pi Electronics Projects for the Evil Genius,5053.43,Four
Quench Your Own Thirst: Business Lessons Learned Over a Beer or Two,4389.06,One
Psycho: Sanitarium ,3761.33,Five
Poisonous ,2726.63,Three
One with You ,1598.34,Four
No Love Allowed ,5560.09,Four
Murder at the 42nd Street Library ,5530.59,Four
Most Wanted,3589.39,Three
Love  Lies and Spies,2090.76,Two
How to Speak Golf: An Illustrated Guide to Links Lingo,5933.48,Five
Hide Away ,1204.6,One
Furiously Happy: A Funny Book About Horrible Things,4218.14,Four
Everyday Italian: 125 Simple and Delicious Recipes,2044.97,Five
Equal Is Unfair: America's Misguided Fight Against Income Inequality,5784.94,One
Eleanor &amp; Park,5749.33,Five
Dirty ,4154.04,Four
Can You Keep a Secret? ,4948.63,One
Boar Island ,6051.5,Three
A Paris Apartment,3968.88,Four
A la Mode: 120 Recipes in 60 Pairings: Pies  Tarts  Cakes  Crisps  and More Topped with Ice Cream  Gelato  Frozen Custard  and More,3944.46,One
Troublemaker: Surviving Hollywood and Scientology,4923.2,Two
The Widow,2773.43,Two
The Sleep Revolution: Transforming Your Life  One Night at a Time,1188.32,Four
The Improbability of Love,6048.44,One
The Art of Startup Fundraising,2136.54,Three
Take Me Home Tonight ,5491.93,Three
Sleeping Giants ,4958.81,One
Setting the World on Fire: The Brief  Astonishing Life of St. Catherine of Siena,2151.8,Two
Playing with Fire,1394.86,Three
Off the Hook ,4849.95,Three
Mothering Sunday,1357.21,Two
Mother  Can You Not?,1718.39,Five
M Train,2765.29,One
Lilac Girls,1758.07,Two
Lies and Other Acts of Love,4592.54,One
Lab Girl,4156.08,One
Keep Me Posted,2081.6,Four
It Didn't Start with You: How Inherited Family Trauma Shapes Who We Are and How to End the Cycle,5724.91,Three
Grey ,4933.37,Four
Exit  Pursued by a Bear,5223.33,Four
Daredevils,1662.43,Three
Cravings: Recipes for What You Want to Eat,2085.67,Three
Born for This: How to Find the Work You Were Meant to Do,2196.57,Five
Arena,2173.17,Four
Adultery,2124.33,Five
A Mother's Reckoning: Living in the Aftermath of Tragedy,1986.98,Three
A Gentleman's Position ,1500.66,Five
11/22/63,4932.36,Three
10% Happier: How I Tamed the Voice in My Head  Reduced Stress Without Losing My Edge  and Found Self-Help That Actually Works,2499.75,Two
10-Day Green Smoothie Cleanse: Lose Up to 15 Pounds in 10 Days!,5057.5,Five
Without Shame,4910.99,Five
Watchmen,5906.01,Four
Unlimited Intuition Now,5989.43,Four
Underlying Notes,1202.57,Two
The Shack,2851.77,One
The New Brand You: Your New Image Makes the Sale for You,4481.65,Five
The Moosewood Cookbook: Recipes from Moosewood Restaurant  Ithaca  New York,1255.47,Four
The Flowers Lied,1697.02,Two
The Fabric of the Cosmos: Space  Time  and the Texture of Reality,5688.28,One
The Book of Mormon,2499.75,Three
The Art and Science of Low Carbohydrate Living,5390.19,Five
The Alien Club,5534.66,One
Suzie Snowflake: One beautiful flake ,5576.37,Five
Nap-a-Roo,2551.64,One
NaNo What Now? Finding your editing process  revising your NaNoWriMo book and building a writing career through publishing and beyond,1059.11,Four
Modern Day Fables,4826.55,Two
If I Gave You God's Phone Number....: Searching for Spirituality in America,2127.38,One
Fruits Basket  Vol. 9 ,3454.07,Four
Dress Your Family in Corduroy and Denim,4444,Three
Don't Forget Steven,3380.82,One
Chernobyl 01:23:40: The Incredible True Story of the World's Worst Nuclear Disaster,3654.5,Two
Art and Fear: Observations on the Perils ,4947.62,Four
A Shard of Ice ,5761.54,Three
A Hero's Curse ,5136.85,Three
23 Degrees South: A Tropical Tale of Changing Whether...,3641.27,Two
Zero to One: Notes on Startups  or How to Build the Future,3465.26,Three
Why Not Me?,1806.9,One
When Breath Becomes Air,4004.49,Two
Vagabonding: An Uncommon Guide to the Art of Long-Term World Travel,3758.28,Two
The Unlikely Pilgrimage of Harold Fry ,4437.9,Five
The New Drawing on the Right Side of the Brain,4376.85,Three
The Midnight Assassin: Panic  Scandal  and the Hunt for America's First Serial Killer,2894.5,Four
The Martian ,4211.02,Two
The High Mountains of Portugal,5204,One
The Grownup,3650.43,One
The E-Myth Revisited: Why Most Small Businesses Don't Work and What to Do About It,3755.22,One
South of Sunshine,2943.34,One
Smarter Faster Better: The Secrets of Being Productive in Life and Business,3956.67,Five
Silence in the Dark ,5934.49,Three
Shadows of the Past ,4036.03,Five
Roller Girl,1434.53,Five
Rising Strong,2219.97,Three
Proofs of God: Classical Arguments from Tertullian to Barth,5515.33,One
Please Kill Me: The Uncensored Oral History of Punk,3173.27,Four
Out of Print: City Lights Spotlight No. 14,5457.33,Five
My Life Next Door ,3702.32,Five
Miller's Valley,5955.86,Two
Man's Search for Meaning,2999.3,Three
Love That Boy: What Two Presidents  Eight Road Trips  and My Son Taught Me About a Parent's Expectations,2549.6,Two
Living Forward: A Proven Plan to Stop Drifting and Get the Life You Want,1276.84,Three
Les Fleurs du Mal,2954.53,Five
Left Behind ,4142.85,Two
Kill 'Em and Leave: Searching for James Brown and the American Soul,4583.39,Five
Kierkegaard: A Christian Missionary to Christians,4795.01,One
John Vassos: Industrial Design for Modern Life,2057.18,Four
I'll Give You the Sun,5746.28,One
I Will Find You,4497.93,One
Hystopia: A Novel,2234.21,Four
Howl and Other Poems,4115.38,Two
History of Beauty,1046.9,Four
Heaven is for Real: A Little Boy's Astounding Story of His Trip to Heaven and Back,5377.98,Two
Future Shock ,5661.83,Five
Ender's Game ,4439.93,One
Diary of a Citizen Scientist: Chasing Tiger Beetles and Other New Ways of Engaging the World,2890.43,One
Death by Leisure: A Cautionary Tale,3816.27,Four
Brilliant Beacons: A History of the American Lighthouse,1164.92,Three
Brazen: The Courage to Find the You That's Been Hiding,1955.44,Two
Between the World and Me,5790.02,Four
Being Mortal: Medicine and What Matters in the End,5601.8,Four
A Murder Over a Girl: Justice  Gender  Junior High,1342.97,Three
32 Yolks,5456.32,Two
Most Blessed of the Patriarchs,4525.4,Five
You Are a Badass: How to Stop Doubting Your Greatness and Start Living an Awesome Life,1229.02,Three
Wildlife of New York: A Five-Borough Coloring Book,2252.52,Two
What Happened on Beale Street ,2581.14,Five
Unreasonable Hope: Finding Faith in the God Who Brings Purpose to Your Pain,4713.61,Two
Under the Tuscan Sun,3797.95,Three
Toddlers Are A**holes: It's Not Your Fault,2599.46,One
The Year of Living Biblically: One Man's Humble Quest to Follow the Bible as Literally as Possible,3532.41,One
The Whale,3658.57,Four
The Story of Art,4185.58,Four
The Origin of Species,1018.42,Four
The Great Gatsby,3667.73,Four
The Good Girl,4988.31,Three
The Glass Castle,1652.26,One
The Faith of Christopher Hitchens: The Restless Soul of the World's Most Notorious Atheist,4023.82,One
The Drowning Girls,3629.07,Three
The Constant Princess ,1690.92,Three
The Bourne Identity ,4352.44,Four
The Bachelor Girl's Guide to Murder ,5321,Five
The Art Book,3290.27,Two
The 7 Habits of Highly Effective People: Powerful Lessons in Personal Change,3374.72,Four
Team of Rivals: The Political Genius of Abraham Lincoln,2047.01,Five
Steal Like an Artist: 10 Things Nobody Told You About Being Creative,2126.37,Two
Sit  Stay  Love,2126.37,Three
Sister Dear,4089.95,Four
Shrunken Treasures: Literary Classics  Short  Sweet  and Silly,5378.99,Three
Rich Dad  Poor Dad,5264.03,One
Raymie Nightingale,3500.87,Two
Playing from the Heart,3294.34,One
Nightstruck: A Novel,5122.61,Four
Naturally Lean: 125 Nourishing Gluten-Free  Plant-Based Recipes--All Under 300 Calories,1157.8,Five
Meternity,4433.83,Three
Memoirs of a Geisha,5053.43,Three
Like Never Before ,2927.06,Two
Life of Pi,1345,Four
Leave This Song Behind: Teen Poetry at Its Best,5206.04,Five
King's Folly ,4029.92,Five
John Adams,5842.93,Four
How to Cook Everything Vegetarian: Simple Meatless Recipes for Great Food ,4681.06,Four
How to Be a Domestic Goddess: Baking and the Art of Comfort Cooking,2874.15,Two
Good in Bed ,3769.47,Five
Fruits Basket  Vol. 7 ,1991.05,One
For the Love: Fighting for Grace in a World of Impossible Standards,4591.53,Three
Finding God in the Ruins: How God Redeems Pain,4745.15,Two
Every Heart a Doorway ,1237.16,Five
Delivering the Truth ,2125.35,Four
Counted With the Stars ,1828.27,Five
Chronicles  Vol. 1,5351.52,Two
Blue Like Jazz: Nonreligious Thoughts on Christian Spirituality,2621.84,One
Benjamin Franklin: An American Life,4902.85,Three
At The Existentialist CafÃ©: Freedom  Being  and apricot cocktails with: Jean-Paul Sartre  Simone de Beauvoir  Albert Camus  Martin Heidegger  Edmund Husserl  Karl Jaspers  Maurice Merleau-Ponty and others,3045.08,Five
A Summer In Europe,4511.15,Two
A Short History of Nearly Everything,5331.18,Five
A Gathering of Shadows ,4558.97,Four
The Sound Of Love,5884.64,Five
The Rise and Fall of the Third Reich: A History of Nazi Germany,4036.03,Two
The Perks of Being a Wallflower,5597.73,Three
The Mysterious Affair at Styles ,2523.15,Four
The Man Who Mistook His Wife for a Hat and Other Clinical Tales,6048.44,Four
The Makings of a Fatherless Child,3212.95,Two
The Joy of Cooking,4402.29,Four
The Invention of Wings,3798.97,One
The Hobbit ,1810.97,Five
The Great Railway Bazaar,3107.14,One
The Golden Compass ,1909.66,One
The God Delusion,4766.52,Three
The Girl You Left Behind ,1606.47,One
The Fellowship of the Ring ,1044.87,Two
The Collected Poems of W.B. Yeats ,1568.83,Five
The Barefoot Contessa Cookbook,6096.26,Five
Tell the Wolves I'm Home,5184.67,Two
Ship Leaves Harbor: Essays on Travel by a Recovering Journeyman,3113.24,Three
Pride and Prejudice,1960.53,Four
Musicophilia: Tales of Music and the Brain,4739.05,One
Mere Christianity,4935.41,Three
Me Before You ,1935.09,One
In the Woods ,3904.78,Two
In Cold Blood,5084.97,Four
How to Stop Worrying and Start Living,4729.89,Five
Give It Back,1863.88,Two
Girl  Interrupted,4287.32,Three
Fun Home: A Family Tragicomic,5757.47,Four
Fruits Basket  Vol. 6 ,2132.47,Four
Deception Point,4102.16,Four
Death Note  Vol. 6: Give-and-Take ,3702.32,Three
Catherine the Great: Portrait of a Woman,5956.88,Four
Better Homes and Gardens New Cook Book,4029.92,Three
An Unquiet Mind: A Memoir of Moods and Madness,2167.06,Three
A Year in Provence ,5786.97,Four
World Without End ,3354.37,Four
Will Grayson  Will Grayson ,4813.32,Four
Why Save the Bankers?: And Other Essays on Our Economic and Political Crisis,4951.69,Two
Where She Went ,4245.61,Four
What If?: Serious Scientific Answers to Absurd Hypothetical Questions,5461.4,Four
Two Summers,1489.47,One
This Is Your Brain on Music: The Science of a Human Obsession,3906.82,One
The Secret Garden,1534.24,Four
The Raven King ,3110.19,Two
The Raven Boys ,5874.47,Four
The Power Greens Cookbook: 140 Delicious Superfood Recipes,1124.23,Five
The Metamorphosis,2907.73,One
The Mathews Men: Seven Brothers and the War Against Hitler's U-boats,4365.66,Five
The Little Paris Bookshop,2516.03,Three
The Hiding Place,5688.28,Four
The Grand Design,1399.94,Three
The Firm,4635.27,Three
The Fault in Our Stars,4804.16,One
The False Prince ,5697.44,Five
The Expatriates,4535.57,Two
The Dream Thieves ,3510.03,One
The Darkest Corners,1152.71,Five
The Crossover,3944.46,Four
The 5th Wave ,1203.58,Two
Tell the Wind and Fire,4630.19,Three
Tell Me Three Things,4253.75,One
Talking to Girls About Duran Duran: One Young Man's Quest for True Love and a Cooler Haircut,2558.76,Four
Siddhartha,3481.54,Five
Shiver ,1651.24,Five
Remember Me?,1167.98,Three
Red Dragon ,2377.66,Three
Peak: Secrets from the New Science of Expertise,1656.33,Two
My Mother Was Nuts,3218.04,Four
Mexican Today: New and Rediscovered Recipes for Contemporary Kitchens,2534.34,Five
Maybe Something Beautiful: How Art Transformed a Neighborhood,2293.22,One
Lola and the Boy Next Door ,2404.12,Four
Logan Kade ,1334.83,Two
Last One Home ,6102.37,Three
Killing Floor ,3203.79,Four
Kill the Boy Band,1579,Five
Isla and the Happily Ever After ,4896.75,Five
If I Stay ,3879.35,Five
I Know Why the Caged Bird Sings ,3718.6,Two
Harry Potter and the Deathly Hallows ,2372.58,One
Fruits Basket  Vol. 5 ,1661.41,One
Foundation ,3298.41,One
Fool Me Once,1725.51,One
Find Her ,2275.92,One
Evicted: Poverty and Profit in the American City,4300.55,One
Drama,3937.34,Two
Dracula the Un-Dead,3625,Five
Digital Fortress,5900.92,Five
Death Note  Vol. 5: Whiteout ,5332.19,One
Data  A Love Story: How I Gamed Online Dating to Meet My Match,3291.29,Three
Critique of Pure Reason,2111.11,One
Booked,1779.43,Five
Blue Lily  Lily Blue ,3472.39,Five
Approval Junkie: Adventures in Caring Too Much,5983.33,Five
An Abundance of Katherines,1017.4,Five
America's War for the Greater Middle East: A Military History,5211.12,Two
Alight ,5960.95,Four
A Girl's Guide to Moving On ,3184.46,One
A Game of Thrones ,4722.77,Two
A Feast for Crows ,1750.95,Four
A Clash of Kings ,1097.77,Three
Vogue Colors A to Z: A Fashion Coloring Book,5326.09,Four
The Shining ,2836.51,Three
The Pilgrim's Progress,5113.45,Two
The Perfect Play ,6103.38,Three
The Passion of Dolssa,2881.28,Five
The Jazz of Physics: The Secret Link Between Music and the Structure of the Universe,3938.36,Three
The Hunger Games ,3036.94,Five
The Hound of the Baskervilles ,1507.79,Two
The Gunning of America: Business and the Making of American Gun Culture,1710.25,Four
The Geography of Bliss: One Grump's Search for the Happiest Places in the World,2872.12,Two
The Demonists ,5301.67,Two
The Demon Prince of Momochi House  Vol. 4 ,2836.51,Two
The Bone Hunters ,6074.9,Three
The Beast ,4688.18,Five
Some Women,1396.89,Five
Shopaholic Ties the Knot ,4923.2,Five
Paper and Fire ,5031.04,Five
Outlander ,2001.23,Five
Orchestra of Exiles: The Story of Bronislaw Huberman  the Israel Philharmonic  and the One Thousand Jews He Saved from Nazi Horrors,1257.51,Three
No One Here Gets Out Alive,2036.83,Five
Night Shift ,1297.18,Four
Needful Things,4833.67,Four
Mockingjay ,2079.57,Four
Misery,3539.53,Two
Little Women ,2855.84,Four
It,2544.52,Three
Harry Potter and the Sorcerer's Stone ,1414.19,Three
Harry Potter and the Prisoner of Azkaban ,2459.06,Four
Harry Potter and the Order of the Phoenix ,3218.04,Four
Harry Potter and the Half-Blood Prince ,4959.82,Five
Harry Potter and the Chamber of Secrets ,1499.65,One
Gone with the Wind,3305.53,Three
God Is Not Great: How Religion Poisons Everything,2828.37,One
Girl With a Pearl Earring,2723.58,One
Fruits Basket  Vol. 4 ,5131.77,Four
Far From True ,3553.78,Two
Dark Lover ,1309.39,One
Confessions of a Shopaholic ,4979.16,Two
Changing the Game ,1361.28,Three
Candide,5965.02,Three
Can You Keep a Secret?,2232.18,One
Atlas Shrugged,2704.25,Five
Animal Farm,5821.56,Three
A Walk to Remember,5741.19,One
A New Earth: Awakening to Your Life's Purpose,5661.83,Five
A History of God: The 4 000-Year Quest of Judaism  Christianity  and Islam,2810.06,One
'Salem's Lot,5042.23,Four
Zero History ,3537.5,One
Wuthering Heights,1803.85,Three
World War Z: An Oral History of the Zombie War,2217.93,One
Wild: From Lost to Found on the Pacific Crest Trail,4682.07,Three
Where'd You Go  Bernadette,1844.55,One
When You Are Engulfed in Flames,3142.75,Five
We the People: The Modern-Day Figures Who Have Reshaped and Affirmed the Founding Fathers' Vision of America,3250.59,Three
We Are All Completely Beside Ourselves,2445.83,One
Walk the Edge ,3292.31,Three
Voyager ,2143.66,Five
Very Good Lives: The Fringe Benefits of Failure and the Importance of Imagination,5154.15,Three
Vegan Vegetarian Omnivore: Dinner for Everyone at the Table,1389.77,Two
Unstuffed: Decluttering Your Home  Mind  and Soul,5910.08,One
Under the Banner of Heaven: A Story of Violent Faith,3052.2,One
Two Boys Kissing,3330.97,Two
Twilight ,4265.96,Two
Twenties Girl,4354.47,Two
Trespassing Across America: One Man's Epic  Never-Done-Before ,5444.11,One
Three-Martini Lunch,2361.39,Three
Thinking  Fast and Slow,2150.78,One
The Wild Robot,5704.56,Three
The Wicked + The Divine  Vol. 3: Commercial Suicide ,1466.07,Three
The Undomestic Goddess,4654.6,Four
The Travelers,1604.44,One
The Tipping Point: How Little Things Can Make a Big Difference,1019.43,Two
The Thing About Jellyfish,4961.86,One
The Stand,5886.68,Two
The Smitten Kitchen Cookbook,2400.05,One
The Silkworm ,2345.11,Five
The Sandman  Vol. 3: Dream Country ,5651.66,Five
The Rose &amp; the Dagger ,5966.03,Four
The Road to Little Dribbling: Adventures of an American in Britain ,2361.39,One
The Rise of Theodore Roosevelt ,4331.07,Three
The Restaurant at the End of the Universe ,1111,One
The Rest Is Noise: Listening to the Twentieth Century,3537.5,One
The Red Tent,3628.05,Five
The Purpose Driven Life: What on Earth Am I Here for?,3783.71,Three
The Purest Hook ,1246.31,One
The Picture of Dorian Gray,3021.68,Two
The Paris Wife,3744.03,Three
The Obsession,4622.05,One
The Nightingale,2671.69,Four
The New Guy ,4570.16,Three
The Nanny Diaries ,5344.4,Five
The Name of God is Mercy,3789.81,Two
The Maze Runner ,2129.42,One
The Lover's Dictionary,5910.08,Two
The Lonely Ones,4434.85,Five
The Lean Startup: How Today's Entrepreneurs Use Continuous Innovation to Create Radically Successful Businesses,3451.02,Three
The Last Painting of Sara de Vos,5651.66,Two
The Land of 10 000 Madonnas,3015.57,Four
The Infinities,2788.69,One
The Husband's Secret,5342.37,Five
The Hitchhiker's Guide to the Galaxy ,4863.17,Three
The Guns of August,1479.3,Two
The Guernsey Literary and Potato Peel Pie Society,5039.18,One
The Goldfinch,4433.83,Three
The Giver ,1251.4,One
The Girl with All the Gifts,5033.08,Three
The Girl Who Played with Fire ,2252.52,Two
The Girl Who Kicked the Hornet's Nest ,5848.02,One
The Exiled,4420.6,Three
The End of Faith: Religion  Terror  and the Future of Reason,2251.51,Four
The Elegant Universe: Superstrings  Hidden Dimensions  and the Quest for the Ultimate Theory,1325.67,Four
The Disappearing Spoon: And Other True Tales of Madness  Love  and the History of the World from the Periodic Table of the Elements,5834.79,Five
The Devil Wears Prada ,4506.06,One
The Demon-Haunted World: Science as a Candle in the Dark,5315.91,Four
The Day the Crayons Came Home ,2678.81,Five
The Da Vinci Code ,2335.95,Two
The Cuckoo's Calling ,1954.43,One
The Complete Stories and Poems ,2724.6,Four
The Complete Poems,4203.9,Five
The Catcher in the Rye,2497.72,One
The Cat in the Hat ,1654.29,Two
The Case for Christ ,4867.24,One
The Book Thief,5442.07,Two
The Book of Basketball: The NBA According to The Sports Guy,4562.02,Five
The Blind Side: Evolution of a Game,5464.46,Five
The Autobiography of Malcolm X,2383.77,Two
The Art of Simple Food: Notes  Lessons  and Recipes from a Delicious Revolution,3491.72,Three
The Art of Fielding,2248.45,One
Surely You're Joking  Mr. Feynman!: Adventures of a Curious Character,2627.94,Two
Stiff: The Curious Lives of Human Cadavers,3737.93,Three
Spilled Milk: Based on a True Story,5037.15,One
Something Borrowed ,4981.19,Five
Something Blue ,5557.04,One
Soldier ,2515.01,Two
Shopaholic &amp; Baby ,4725.82,Two
Seven Days in the Art World,5324.05,Two
Seven Brief Lessons on Physics,3113.24,Four
Scarlet ,1482.35,Four
Sarah's Key,4709.54,One
Saga  Volume 3 ,2194.53,Five
Running with Scissors,1313.46,Four
Rogue Lawyer ,5098.19,Three
Rise of the Rocket Girls: The Women Who Propelled Us  from Missiles to the Moon to Mars,4239.51,Four
Rework,4566.09,Two
Reservations for Two,1129.31,Three
Red: The True Story of Red Riding Hood,2903.66,Three
Ready Player One,1940.18,Four
Quiet: The Power of Introverts in a World That Can't Stop Talking,4430.78,One
Prodigy: The Graphic Novel ,4438.92,Three
Persepolis: The Story of a Childhood ,3981.09,One
Packing for Mars: The Curious Science of Life in the Void,5766.62,Two
Outliers: The Story of Success,1440.64,One
Original Fake,3199.72,Three
Orange Is the New Black,2503.82,Two
One for the Money ,3344.19,Two
Notes from a Small Island ,4086.9,One
Night ,1374.51,One
Neither Here nor There: Travels in Europe,3962.77,Three
Naked,3224.14,Three
Morning Star ,2991.16,One
Miracles from Heaven: A Little Girl  Her Journey to Heaven  and Her Amazing Story of Healing,5883.62,One
Midnight Riot ,5642.5,Two
Me Talk Pretty One Day,5860.22,Two
Manuscript Found in Accra,3558.87,Two
Lust &amp; Wonder,1207.65,Two
Lila ,1268.7,Three
Life  the Universe and Everything ,3383.87,Two
Life Without a Recipe,6006.73,Five
Life After Life,2658.47,Two
Letter to a Christian Nation,2258.63,One
Let's Pretend This Never Happened: A Mostly True Memoir,4589.49,One
Legend ,4445.02,Four
Lean In: Women  Work  and the Will to Lead,2545.53,One
Lamb: The Gospel According to Biff  Christ's Childhood Pal,5646.57,Five
Lady Renegades ,5396.29,Five
Jurassic Park ,4575.25,One
It's Never Too Late to Begin Again: Discovering Creativity and Meaning at Midlife and Beyond,4311.74,One
Is Everyone Hanging Out Without Me? ,2045.99,Three
Into the Wild,5768.66,Five
Inferno ,4171.34,Five
In the Garden of Beasts: Love  Terror  and an American Family in Hitler's Berlin,2935.2,Three
If I Run ,5083.95,Four
I've Got Your Number,2003.26,One
I Am Malala: The Girl Who Stood Up for Education and Was Shot by the Taliban,2938.25,Two
Hungry Girl Clean &amp; Hungry: Easy All-Natural Recipes for Healthy Eating in the Real World,3371.66,Three
House of Lost Worlds: Dinosaurs  Dynasties  and the Story of Life on Earth,4446.04,Two
House of Leaves,5584.51,One
Horrible Bear!,3817.28,Two
Holidays on Ice,5195.86,Two
Heir to the Sky,4483.68,Four
Green Eggs and Ham ,1097.77,Four
Grayson  Vol 3: Nemesis ,4346.33,One
Gratitude,2712.39,Five
Gone Girl,3825.42,Five
Golden ,4294.45,Four
Girl in the Blue Coat,4764.48,Two
Fruits Basket  Vol. 3 ,4595.6,Two
Friday Night Lights: A Town  a Team  and a Dream,5211.12,Three
Fire Bound ,2165.03,Four
Fifty Shades Freed ,1562.73,Five
Fellside,3929.2,One
Extreme Prey ,2584.2,Three
Eragon ,4463.33,Three
Eclipse ,1906.61,One
Dune ,5581.46,One
Dracula,5353.56,Three
Do Androids Dream of Electric Sheep? ,5237.58,One
Disrupted: My Misadventure in the Start-Up Bubble,1554.59,Five
Dead Wake: The Last Crossing of the Lusitania,3992.28,Five
David and Goliath: Underdogs  Misfits  and the Art of Battling Giants,1811.99,One
Darkfever ,5699.47,One
Dark Places,2431.59,Five
Crazy Rich Asians ,4998.49,Five
Counting Thyme,1080.48,One
Cosmos,3679.94,Two
Civilization and Its Discontents,6099.31,Two
Cinder ,2654.4,One
Catastrophic Happiness: Finding Joy in Childhood's Messy Years,3799.99,Two
Career of Evil ,2515.01,Two
Breaking Dawn ,3589.39,Five
Brave Enough,5221.3,Five
Boy Meets Boy,2148.75,Three
Born to Run: A Hidden Tribe  Superathletes  and the Greatest Race the World Has Never Seen,2782.59,Two
Blink: The Power of Thinking Without Thinking,2211.83,Five
Black Flags: The Rise of ISIS,4158.11,One
Black Butler  Vol. 1 ,5016.8,One
Big Little Lies,2249.47,One
Between Shades of Gray,2115.17,Five
Best of My Love ,2788.69,Two
Beowulf,3901.73,Two
Beautiful Creatures ,2192.5,Five
Awkward,3868.15,Two
Ash,2244.38,Four
Are We There Yet?,1084.55,Three
Are We Smart Enough to Know How Smart Animals Are?,5756.45,One
Annie on My Mind,3747.08,Five
And Then There Were None,3561.92,Two
A Walk in the Woods: Rediscovering America on the Appalachian Trail,3101.04,Four
A Visit from the Goon Squad,1432.5,Five
A Storm of Swords ,3176.32,Two
A Heartbreaking Work of Staggering Genius,5523.46,Five
8 Keys to Mental Health Through Exercise,3158.01,One
#GIRLBOSS,5184.67,One
The Suffragettes ,1209.69,Two
The Sense of an Ending,3192.6,Three
The Sandman  Vol. 2: The Doll's House ,5576.37,One
The Course of Love,1707.2,Three
Sugar Rush ,2484.49,One
Saga  Volume 2 ,1195.44,Three
Run  Spot  Run: The Ethics of Keeping Pets,2036.83,One
New Moon ,1308.38,Four
Life,3212.95,Five
Kindle Paperwhite User's Guide,3459.16,Three
H is for Hawk,5841.91,Five
Girl Online On Tour ,5440.04,One
Fruits Basket  Vol. 2 ,1184.25,Five
Diary of a Minecraft Zombie Book 1: A Scare of a Dare ,5380.01,Four
Y: The Last Man  Vol. 1: Unmanned ,1883.21,Four
While You Were Mine,4203.9,Five
Where Lightning Strikes ,4046.2,Three
When I'm Gone,5286.41,Three
Ways of Seeing,4019.75,Five
Vampire Knight  Vol. 1 ,1566.8,One
Vampire Girl ,5475.65,Two
Twenty Love Poems and a Song of Despair,3148.85,Four
Travels with Charley: In Search of America,5882.61,Five
Three Wishes ,4494.87,Two
This One Moment ,4955.76,One
The Zombie Room,2003.26,Five
The Wicked + The Divine  Vol. 1: The Faust Act ,3715.54,Two
The Tumor,4228.31,Five
The Story of Hong Gildong,4394.15,Four
The Silent Wife,1255.47,Five
The Silent Twin ,3688.07,Three
The Selfish Gene,2996.24,One
The Secret Healer,3516.13,Three
The Sandman  Vol. 1: Preludes and Nocturnes ,5506.17,Three
The Republic,3436.78,Three
The Odyssey,3015.57,Three
The No. 1 Ladies' Detective Agency ,5870.4,Four
The Nicomachean Ethics,3697.23,One
The Name of the Wind ,5147.03,Three
The Mirror &amp; the Maze ,2989.12,One
The Little Prince,4621.03,Two
The Light of the Fireflies,5537.71,One
The Last Girl ,3689.09,Two
The Iliad,1644.12,One
The Hook Up ,3692.14,Five
The Haters,2837.53,Five
The Girl You Lost,1250.38,Five
The Girl In The Ice ,1612.58,Three
The End of the Jesus Era ,1465.06,One
The Edge of Reason ,1951.37,Four
The Complete Maus ,1082.51,Three
The Communist Manifesto,1501.68,Three
The Bhagavad Gita,5849.03,Three
The Bette Davis Club,3119.35,Three
The Art of Not Breathing,4154.04,Four
Taking Shots ,1920.85,Two
Starlark,2627.94,Three
Skip Beat!  Vol. 01 ,4285.29,Three
Sister Sable ,1356.19,Three
Shatter Me ,4313.78,One
Shameless,5936.53,Three
Shadow Rites ,2209.79,Four
Settling the Score ,4569.14,Two
Sense and Sensibility,3811.18,One
Saga  Volume 1 ,2897.56,One
Rhythm  Chord &amp; Malykhin,2883.31,Two
Rat Queens  Vol. 1: Sass &amp; Sorcery ,4777.71,Five
Paradise Lost ,2539.43,One
Paper Girls  Vol. 1 ,2208.78,Four
Ouran High School Host Club  Vol. 1 ,3038.97,Three
Origins ,2949.44,One
One Second ,5386.12,Two
On the Road ,3292.31,Three
Old Records Never Die: One Man's Quest for His Vinyl and His Past,5662.85,Two
Off Sides ,4013.64,Five
Of Mice and Men,4792.97,Two
Myriad ,5977.22,Four
My Perfect Mistake ,3959.72,Two
Ms. Marvel  Vol. 1: No Normal ,4007.54,Four
Meditations,2634.05,Two
Matilda,2883.31,One
Lost Among the Living,2818.2,Four
Lord of the Flies,2532.31,Three
Listen to Me ,6001.64,Three
Kitchens of the Great Midwest,5819.53,Five
Jane Eyre,3909.87,Five
Imperfect Harmony,3534.45,Four
Icing ,4114.37,Four
Hawkeye  Vol. 1: My Life as a Weapon ,4602.72,Three
Having the Barbarian's Baby ,3556.83,Four
Giant Days  Vol. 1 ,5774.76,Four
Fruits Basket  Vol. 1 ,4098.09,Five
Frankenstein,3866.12,Two
Forever Rockers ,2930.11,Three
Fighting Fate ,3992.28,Three
Emma,3350.3,Two
Eat  Pray  Love,5221.3,Three
Deep Under ,4790.94,Five
Choosing Our Religion: The Spiritual Lives of America's Nones,2891.45,Four
Charlie and the Chocolate Factory ,2324.76,Three
Charity's Cross ,4195.76,One
Bright Lines,3974.98,Five
Bridget Jones's Diary ,3033.89,One
Bounty ,3790.83,Four
Blood Defense ,2065.32,Three
Bleach  Vol. 1: Strawberry and the Soul Reapers ,3525.29,Five
Beyond Good and Evil,4413.48,One
Alice in Wonderland ,5649.62,One
Ajin: Demi-Human  Volume 1 ,5805.28,Four
A Spy's Devotion ,1726.53,Five
1st to Die ,5491.93,One
1 000 Places to See Before You Die,2653.38,Five
