Shorts Name,Views
Web scraping in python using browser developer tools to uncover hidden private API #python,527 views
Full data analytics course episode 1 & 2 out now #python #chatgpt,279 views
Data Analytic project walkthrough - Did I just nail describing a list comprehension? #pythontutorial,2.1K views
Python web scraping trick that feels illegal #Python #Tutorial #coding,2.7K views
The best programming language to learn for the future?,606 views
This webscraping hack will save you hours!,682 views
Build a ChatGPT playground for all LLM's with me. Learn Python  Streamlit and hosting web apps,318 views
OpenAI new features announced! Assistants API and a bunch more!,276 views
Python lists .append vs. .extend üêç Python ‚è∞ In 1 minute or less,665 views
PyConAU 2023 #pycon #python,584 views
5 Python Web Scraping Tips in 2023 #python #webscraping,1.1K views
Introduction to Hugging Face ü§ó #datascience #predictivemodeling #python,505 views
From Meme to Reality: Kelly Rowland's Excel Text Message Brought to Life with API's!,1.1K views
How to fix Python's ModuleNotFoundError: A Guide to Fixing 'No module named pandas',4.1K views
MITMProxy Explained: The Man in the Middle Proxy for Python Data Analysis,548 views
Python Tutorial: Retrieving All Files in a Directory,1.5K views
Understanding Levenshtein Distance: A Python Data Science Approach,471 views
Decoding Epoch Unix Time: A Python Beginner's Guide,890 views
Python Web Scraping: Navigating Through Weird HTML,575 views
Channel Update: Let's Talk About What's Next,579 views
Step-by-Step Guide: Installing Python 3.11 on Mac,7.2K views
Python Basics: Concatenating Two Lists,993 views
Python Tutorial: Fetching Current Time,387 views
Python Basics: Finding an Item's Index in a List,470 views
Embracing Mistakes in Python: Learning Through Errors,290 views
Python & Selenium Tutorial: Downloading 95 Excel Files in Seconds,247 views
